id,source,ref,line,summary,status,priority,owner,area,acceptance,next_action,target_phase
TM-001,TRACEABILITY_MATRIX.csv,docs/spec/TRACEABILITY_MATRIX.csv:L163,163,"data-knowledge-model.md | DAT-097 | | Add obligation language detection (shall, must, required) | Check 2 | 4h | MEDIUM | | ./docs/ISA_NEWS_HUB_SELF_CHECK_ASSESSMENT.md | Phase 2: Short-Term (Next Sprint) | | Add obligation language detection (shall, must, required) | Check 2 | 4h | MEDIUM | | traceable",OPEN,P2,,client,,,
TM-002,TRACEABILITY_MATRIX.csv,docs/spec/TRACEABILITY_MATRIX.csv:L234,234,governance-iron-protocol.md | GOV-068 | 1. **User Action Required:** Configure branch protection on GitHub repository main branch | ./docs/GOVERNANCE_SELF_CHECK_2025-12-17.md | Immediate (Next 24 Hours) | 1. **User Action Required:** Configure branch protection on GitHub repository main branch | traceable,OPEN,P2,,client,,,
TM-003,TRACEABILITY_MATRIX.csv,docs/spec/TRACEABILITY_MATRIX.csv:L235,235,governance-iron-protocol.md | GOV-069 | 2. **User Decision Required:** Determine ISA license | ./docs/GOVERNANCE_SELF_CHECK_2025-12-17.md | Immediate (Next 24 Hours) | 2. **User Decision Required:** Determine ISA license | traceable,OPEN,P2,,client,,,
TM-004,TRACEABILITY_MATRIX.csv,docs/spec/TRACEABILITY_MATRIX.csv:L244,244,governance-iron-protocol.md | GOV-078 | - Ensure procedures are comprehensive and current | ./docs/GOVERNANCE_SELF_CHECK_2025-12-17.md | Short-Term (Next 14 Days) | - Ensure procedures are comprehensive and current | traceable,OPEN,P2,,spec,,,
TM-005,TRACEABILITY_MATRIX.csv,docs/spec/TRACEABILITY_MATRIX.csv:L245,245,governance-iron-protocol.md | GOV-079 | - Validate security monitoring is working | ./docs/GOVERNANCE_SELF_CHECK_2025-12-17.md | Medium-Term (Next 30 Days) | - Validate security monitoring is working | traceable,OPEN,P0,,spec,,,
TM-006,TRACEABILITY_MATRIX.csv,docs/spec/TRACEABILITY_MATRIX.csv:L257,257,"governance-iron-protocol.md | GOV-091 | **NOTE:** Whether they are already located in the *correct repo paths* and wired into daily flow must be verified in the next step (see Section 4). | ./docs/evidence/ISA_IRON_DOCSET_AND_CRITICAL_PATH_DECISION_DRAFT_v0.md | C. Baseline discoverability artefacts (strongly recommended, low-cost) | **NOTE:** Whether they are already located in the *correct repo paths* and wired into daily flow mus | traceable",OPEN,P2,,ops,,,
TM-007,TRACEABILITY_MATRIX.csv,docs/spec/TRACEABILITY_MATRIX.csv:L299,299,ingestion-update-lifecycle.md | ING-033 | - [x] Fix boolean‚Üínumber in INGEST-02_gdsn_current.ts (required field) | ./todo.md | Ingestion Script Fixes | - [x] Fix boolean‚Üínumber in INGEST-02_gdsn_current.ts (required field) | traceable,OPEN,P2,,client,,,
TM-008,TRACEABILITY_MATRIX.csv,docs/spec/TRACEABILITY_MATRIX.csv:L300,300,ingestion-update-lifecycle.md | ING-034 | - [x] Fix boolean‚Üínumber in INGEST-04_ctes_kdes.ts (mandatory and required fields) | ./todo.md | Ingestion Script Fixes | - [x] Fix boolean‚Üínumber in INGEST-04_ctes_kdes.ts (mandatory and required fields) | traceable,OPEN,P2,,client,,,
TM-009,TRACEABILITY_MATRIX.csv,docs/spec/TRACEABILITY_MATRIX.csv:L301,301,ingestion-update-lifecycle.md | ING-035 | 2. **Column Naming Consistency:** Drizzle schema uses camelCase for TypeScript but snake_case for database columns - tests must use TypeScript property names | ./todo.md | Meta-Learnings | 2. **Column Naming Consistency:** Drizzle schema uses camelCase for TypeScript but snake_case for da | traceable,OPEN,P2,,spec,,,
TM-010,TRACEABILITY_MATRIX.csv,docs/spec/TRACEABILITY_MATRIX.csv:L302,302,ingestion-update-lifecycle.md | ING-036 | - [x] Create server/test-helpers/db-test-utils.ts with 7 required functions: | ./todo.md | TASK 1 ‚Äî DB Test Helpers (PR #4 equivalent) | - [x] Create server/test-helpers/db-test-utils.ts with 7 required functions: | traceable,OPEN,P2,,client,,,
TM-011,TRACEABILITY_MATRIX.csv,docs/spec/TRACEABILITY_MATRIX.csv:L303,303,ingestion-update-lifecycle.md | ING-037 | - [x] Seed helpers must work within transaction context | ./todo.md | TASK 1 ‚Äî DB Test Helpers (PR #4 equivalent) | - [x] Seed helpers must work within transaction context | traceable,OPEN,P2,,client,,,
TM-012,TRACEABILITY_MATRIX.csv,docs/spec/TRACEABILITY_MATRIX.csv:L304,304,ingestion-update-lifecycle.md | ING-038 | **STATUS: ALREADY COMPLIANT** ‚úÖ No changes required. | ./todo.md | TASK 3 ‚Äî CI Scripts (PR #5 equivalent) ‚úÖ COMPLETE | **STATUS: ALREADY COMPLIANT** ‚úÖ No changes required. | traceable,OPEN,P2,,client,,,
TM-013,TRACEABILITY_MATRIX.csv,docs/spec/TRACEABILITY_MATRIX.csv:L305,305,ingestion-update-lifecycle.md | ING-039 | - [x] Must not be default (verified) | ./todo.md | TASK 3 ‚Äî CI Scripts (PR #5 equivalent) ‚úÖ COMPLETE | - [x] Must not be default (verified) | traceable,OPEN,P2,,client,,,
TM-014,TRACEABILITY_MATRIX.csv,docs/spec/TRACEABILITY_MATRIX.csv:L306,306,ingestion-update-lifecycle.md | ING-040 | - [x] Update docs/CI_TESTING.md ONLY if required (not required) | ./todo.md | TASK 3 ‚Äî CI Scripts (PR #5 equivalent) ‚úÖ COMPLETE | - [x] Update docs/CI_TESTING.md ONLY if required (not required) | traceable,OPEN,P2,,client,,,
TM-015,TRACEABILITY_MATRIX.csv,docs/spec/TRACEABILITY_MATRIX.csv:L307,307,ingestion-update-lifecycle.md | ING-041 | - [x] Deliverable: No PR required - existing implementation already compliant with spec | ./todo.md | TASK 3 ‚Äî CI Scripts (PR #5 equivalent) ‚úÖ COMPLETE | - [x] Deliverable: No PR required - existing implementation already compliant with spec | traceable,OPEN,P2,,client,,,
TM-016,TRACEABILITY_MATRIX.csv,docs/spec/TRACEABILITY_MATRIX.csv:L308,308,ingestion-update-lifecycle.md | ING-042 | - [x] Display delta analysis (5 required fields) on event detail page | ./todo.md | Step 4: Minimal UI | - [x] Display delta analysis (5 required fields) on event detail page | traceable,OPEN,P2,,client,,,
TM-017,TRACEABILITY_MATRIX.csv,docs/spec/TRACEABILITY_MATRIX.csv:L309,309,"ingestion-update-lifecycle.md | ING-043 | **Future Enhancements (Optional, NOT required for ISA-GRADE):** | ./todo.md | üîí BASELINE FROZEN ‚Äî ISA News Hub v2 (25 January 2026) | **Future Enhancements (Optional, NOT required for ISA-GRADE):** | traceable",OPEN,P2,,client,,,
TM-018,TRACEABILITY_MATRIX.csv,docs/spec/TRACEABILITY_MATRIX.csv:L310,310,"ingestion-update-lifecycle.md | ING-044 | - [ ] Test on desktop browsers (Chrome, Safari) - USER TESTING REQUIRED | ./todo.md | Desktop Dropdown Fix | - [ ] Test on desktop browsers (Chrome, Safari) - USER TESTING REQUIRED | traceable",OPEN,P2,,client,,,
TM-019,TRACEABILITY_MATRIX.csv,docs/spec/TRACEABILITY_MATRIX.csv:L346,346,ingestion-update-lifecycle.md | ING-080 | - [ ] Validate gs1ImpactTags inference quality | ./todo.md | 5.4 Tests | - [ ] Validate gs1ImpactTags inference quality | traceable,OPEN,P2,,spec,,,
TM-020,TRACEABILITY_MATRIX.csv,docs/spec/TRACEABILITY_MATRIX.csv:L347,347,ingestion-update-lifecycle.md | ING-081 | - [ ] Validate sectorTags inference quality | ./todo.md | 5.4 Tests | - [ ] Validate sectorTags inference quality | traceable,OPEN,P2,,spec,,,
TM-021,TRACEABILITY_MATRIX.csv,docs/spec/TRACEABILITY_MATRIX.csv:L348,348,ingestion-update-lifecycle.md | ING-082 | - [ ] Verify query performance | ./todo.md | 6.4 Tests | - [ ] Verify query performance | traceable,OPEN,P2,,spec,,,
TM-022,TRACEABILITY_MATRIX.csv,docs/spec/TRACEABILITY_MATRIX.csv:L349,349,ingestion-update-lifecycle.md | ING-083 | - [x] Verify UI rendering with real data | ./todo.md | 8.1 Coverage Analytics Dashboard ‚úÖ COMPLETE | - [x] Verify UI rendering with real data | traceable,OPEN,P2,,client,,,
TM-023,TRACEABILITY_MATRIX.csv,docs/spec/TRACEABILITY_MATRIX.csv:L350,350,"ingestion-update-lifecycle.md | ING-084 | - [x] Verify production readiness and performance impact (TypeScript 0 errors, dev server running) | ./todo.md | 8.2 Pipeline Observability ‚úÖ COMPLETE | - [x] Verify production readiness and performance impact (TypeScript 0 errors, dev server running) | traceable",OPEN,P2,,ops,,,
TM-024,TRACEABILITY_MATRIX.csv,docs/spec/TRACEABILITY_MATRIX.csv:L351,351,ingestion-update-lifecycle.md | ING-085 | - [ ] Verify all new sources ingesting | ./todo.md | 9.4 Final Validation | - [ ] Verify all new sources ingesting | traceable,OPEN,P2,,spec,,,
TM-025,TRACEABILITY_MATRIX.csv,docs/spec/TRACEABILITY_MATRIX.csv:L352,352,ingestion-update-lifecycle.md | ING-086 | - [ ] Verify AI tagging quality | ./todo.md | 9.4 Final Validation | - [ ] Verify AI tagging quality | traceable,OPEN,P2,,spec,,,
TM-026,TRACEABILITY_MATRIX.csv,docs/spec/TRACEABILITY_MATRIX.csv:L353,353,ingestion-update-lifecycle.md | ING-087 | - [ ] Verify UI rendering correctly | ./todo.md | 9.4 Final Validation | - [ ] Verify UI rendering correctly | traceable,OPEN,P2,,client,,,
TM-027,TRACEABILITY_MATRIX.csv,docs/spec/TRACEABILITY_MATRIX.csv:L354,354,ingestion-update-lifecycle.md | ING-088 | - [ ] Verify coverage analytics working | ./todo.md | 9.4 Final Validation | - [ ] Verify coverage analytics working | traceable,OPEN,P2,,spec,,,
TM-028,TRACEABILITY_MATRIX.csv,docs/spec/TRACEABILITY_MATRIX.csv:L355,355,ingestion-update-lifecycle.md | ING-089 | - [ ] Verify documentation accuracy | ./todo.md | 9.4 Final Validation | - [ ] Verify documentation accuracy | traceable,OPEN,P2,,spec,,,
TM-029,TRACEABILITY_MATRIX.csv,docs/spec/TRACEABILITY_MATRIX.csv:L356,356,ingestion-update-lifecycle.md | ING-090 | - [ ] Validate existing `compute_advisory_diff.cjs` script | ./todo.md | Priority 3: Advisory Diff Tracking (Version Discipline) | - [ ] Validate existing `compute_advisory_diff.cjs` script | traceable,OPEN,P2,,ops,,,
TM-030,TRACEABILITY_MATRIX.csv,docs/spec/TRACEABILITY_MATRIX.csv:L357,357,ingestion-update-lifecycle.md | ING-091 | - [x] Ensure GS1 Style Guide compliance | ./todo.md | Regulatory Change Log Public UI ‚úÖ | - [x] Ensure GS1 Style Guide compliance | traceable,OPEN,P2,,client,,,
TM-031,TRACEABILITY_MATRIX.csv,docs/spec/TRACEABILITY_MATRIX.csv:L358,358,ingestion-update-lifecycle.md | ING-092 | - [x] Validate GS1 Style Guide compliance | ./todo.md | Testing & Quality ‚è≥ | - [x] Validate GS1 Style Guide compliance | traceable,OPEN,P2,,client,,,
TM-032,TRACEABILITY_MATRIX.csv,docs/spec/TRACEABILITY_MATRIX.csv:L359,359,ingestion-update-lifecycle.md | ING-093 | - [x] Verify traceability (source URL + SHA256) | ./todo.md | Testing & Quality ‚è≥ | - [x] Verify traceability (source URL + SHA256) | traceable,OPEN,P2,,spec,,,
TM-033,TRACEABILITY_MATRIX.csv,docs/spec/TRACEABILITY_MATRIX.csv:L360,360,ingestion-update-lifecycle.md | ING-094 | - [x] Verify GS1 Netherlands involvement (2 contributors) | ./todo.md | Phase 2.4: GS1 NL/Europe Documentation Discovery ‚úÖ | - [x] Verify GS1 Netherlands involvement (2 contributors) | traceable,OPEN,P2,,spec,,,
TM-034,TRACEABILITY_MATRIX.csv,docs/spec/TRACEABILITY_MATRIX.csv:L361,361,ingestion-update-lifecycle.md | ING-095 | - [x] Verify TypeScript compilation (no errors) | ./todo.md | tRPC Router Integration ‚úÖ | - [x] Verify TypeScript compilation (no errors) | traceable,OPEN,P2,,spec,,,
TM-035,TRACEABILITY_MATRIX.csv,docs/spec/TRACEABILITY_MATRIX.csv:L362,362,ingestion-update-lifecycle.md | ING-096 | - [x] Verify dev server health (running successfully) | ./todo.md | tRPC Router Integration ‚úÖ | - [x] Verify dev server health (running successfully) | traceable,OPEN,P2,,spec,,,
TM-036,TRACEABILITY_MATRIX.csv,docs/spec/TRACEABILITY_MATRIX.csv:L363,363,ingestion-update-lifecycle.md | ING-097 | - [x] Verify correct retrieval of ESRS E5 ‚Üí GS1 Circular Economy Attributes mapping | ./todo.md | Phase 4.3: Test Ask ISA with GS1-ESRS mapping queries ‚úÖ | - [x] Verify correct retrieval of ESRS E5 ‚Üí GS1 Circular Economy Attributes mapping | traceable,OPEN,P2,,ops,,,
TM-037,TRACEABILITY_MATRIX.csv,docs/spec/TRACEABILITY_MATRIX.csv:L364,364,"ingestion-update-lifecycle.md | ING-098 | - [x] Verify data integrity (15+ mappings, ESRS E1/E5 coverage) | ./todo.md | Phase 6: Production hardening with vitest tests ‚úÖ | - [x] Verify data integrity (15+ mappings, ESRS E1/E5 coverage) | traceable",OPEN,P2,,spec,,,
TM-038,TRACEABILITY_MATRIX.csv,docs/spec/TRACEABILITY_MATRIX.csv:L365,365,"ingestion-update-lifecycle.md | ING-099 | - [x] Verify data accuracy (13 mappings, 62.5% coverage, 3 gaps) | ./todo.md | Phase 7: Frontend Integration (Autonomous Development - Dec 16, 2025) ‚úÖ COMPLETE | - [x] Verify data accuracy (13 mappings, 62.5% coverage, 3 gaps) | traceable",OPEN,P2,,client,,,
TM-039,TRACEABILITY_MATRIX.csv,docs/spec/TRACEABILITY_MATRIX.csv:L366,366,ingestion-update-lifecycle.md | ING-100 | - [x] Verify ESRS Datapoints tab loads without errors | ./todo.md | Schema Fix | - [x] Verify ESRS Datapoints tab loads without errors | traceable,OPEN,P2,,spec,,,
TM-040,TRACEABILITY_MATRIX.csv,docs/spec/TRACEABILITY_MATRIX.csv:L404,404,"retrieval-embeddings-grounding.md | RET-010 | **Rationale:** Many next-generation capabilities (reasoning-optimized LLMs, VLMs, autonomous agents) have significantly higher per-query costs than current ISA operations. Cost models must be sustaina | ./ISA_CAPABILITY_MAP.md | Constraint 1: Cost Sustainability | **Rationale:** Many next-generation capabilities (reasoning-optimized LLMs, VLMs, autonomous agents) | traceable",OPEN,P2,,spec,,,
TM-041,TRACEABILITY_MATRIX.csv,docs/spec/TRACEABILITY_MATRIX.csv:L416,416,"retrieval-embeddings-grounding.md | RET-022 | This plan prioritizes the resolution of critical inconsistencies and stack conflicts, structured into sequential gates. Each gate must be successfully passed before the next can begin. | ./docs/ISA_COMPARATIVE_REFACTOR_GATE_PLAN.md | Task 3: Prioritized Refactor Plan with Acceptance Gates | This plan prioritizes the resolution of critical inconsistencies and stack conflicts, structured int | traceable",OPEN,P2,,ops,,,
TM-042,TRACEABILITY_MATRIX.csv,docs/spec/TRACEABILITY_MATRIX.csv:L428,428,"retrieval-embeddings-grounding.md | RET-034 | As ISA explores next-generation capabilities, certain architectural principles and constraints should guide implementation decisions to ensure the platform remains maintainable, cost-effective, and al | ./ISA_CAPABILITY_MAP.md | Architectural Principles and Constraints | As ISA explores next-generation capabilities, certain architectural principles and constraints shoul | traceable",OPEN,P2,,client,,,
TM-043,TRACEABILITY_MATRIX.csv,docs/spec/TRACEABILITY_MATRIX.csv:L431,431,retrieval-embeddings-grounding.md | RET-037 | - **Feature Flags:** All next-generation capabilities should be gated behind feature flags to enable selective deployment and A/B testing | ./ISA_CAPABILITY_MAP.md | Principle 1: Preserve Optionality | - **Feature Flags:** All next-generation capabilities should be gated behind feature flags to enable | traceable,OPEN,P2,,ops,,,
TM-044,TRACEABILITY_MATRIX.csv,docs/spec/TRACEABILITY_MATRIX.csv:L439,439,"retrieval-embeddings-grounding.md | RET-045 | The current ISA implementation provides a **stable baseline** with proven capabilities in automated news aggregation, RAG-powered Q&A, regulation tracking, and standards mapping. Next-generation capab | ./ISA_CAPABILITY_MAP.md | Conclusion: From Exploration to Validation | The current ISA implementation provides a **stable baseline** with proven capabilities in automated | traceable",OPEN,P2,,spec,,,
TM-045,TRACEABILITY_MATRIX.csv,docs/spec/TRACEABILITY_MATRIX.csv:L443,443,retrieval-embeddings-grounding.md | RET-049 | 11. **If Agents Validate:** Explore proactive assistant scenario (Scenario B) with Approach 5C (LLM trend analysis) | ./ISA_CAPABILITY_MAP.md | Recommended Next Steps | 11. **If Agents Validate:** Explore proactive assistant scenario (Scenario B) with Approach 5C (LLM | traceable,OPEN,P2,,spec,,,
TM-046,TRACEABILITY_MATRIX.csv,docs/spec/TRACEABILITY_MATRIX.csv:L447,447,"retrieval-embeddings-grounding.md | RET-053 | The existing ISA implementation is a valuable asset, not a constraint. Next-generation capabilities should enhance ISA's value proposition incrementally rather than requiring wholesale replacement. Th | ./ISA_CAPABILITY_MAP.md | Final Recommendations | The existing ISA implementation is a valuable asset, not a constraint. Next-generation capabilities | traceable",OPEN,P2,,client,,,
TM-047,TRACEABILITY_MATRIX.csv,docs/spec/TRACEABILITY_MATRIX.csv:L448,448,"retrieval-embeddings-grounding.md | RET-054 | 3. **Make context append-only.** ISA's agent loops should never modify previous actions or observations retroactively. Verify that todo.md updates, knowledge base additions, and pipeline logs are stri | ./docs/MANUS_BEST_PRACTICES_FOR_ISA.md | 1.1 The KV-Cache Imperative | 3. **Make context append-only.** ISA's agent loops should never modify previous actions or observati | traceable",OPEN,P2,,ops,,,
TM-048,TRACEABILITY_MATRIX.csv,docs/spec/TRACEABILITY_MATRIX.csv:L455,455,"retrieval-embeddings-grounding.md | RET-061 | 3. **Pin a compact, living plan.** ISA's todo.md should be kept minimal (not exhaustive) and updated each loop. This pushes the global plan into the model's recent attention span, avoiding ""lost-in-th | ./docs/MANUS_BEST_PRACTICES_FOR_ISA.md | 1.3 Modular Prompt Structure | 3. **Pin a compact, living plan.** ISA's todo.md should be kept minimal (not exhaustive) and updated | traceable",OPEN,P2,,spec,,,
TM-049,TRACEABILITY_MATRIX.csv,docs/spec/TRACEABILITY_MATRIX.csv:L456,456,"retrieval-embeddings-grounding.md | RET-062 | 2. **Update todo.md every loop during complex tasks.** ISA's typical 50-tool-call loops should update todo.md at key milestones (e.g., after each ingestion phase, after each RAG query batch) to mainta | ./docs/MANUS_BEST_PRACTICES_FOR_ISA.md | 2.1 Todo.md as Attention Manipulation | 2. **Update todo.md every loop during complex tasks.** ISA's typical 50-tool-call loops should updat | traceable",OPEN,P2,,spec,,,
TM-050,TRACEABILITY_MATRIX.csv,docs/spec/TRACEABILITY_MATRIX.csv:L509,509,evaluation-governance-reproducibility.md | EVA-015 | 1. **User Action Required:** Configure branch protection on GitHub repository main branch | ./docs/GOVERNANCE_SELF_CHECK_2025-12-17.md | Immediate (Next 24 Hours) | 1. **User Action Required:** Configure branch protection on GitHub repository main branch | traceable,OPEN,P2,,client,,,
TM-051,TRACEABILITY_MATRIX.csv,docs/spec/TRACEABILITY_MATRIX.csv:L510,510,evaluation-governance-reproducibility.md | EVA-016 | 2. **User Decision Required:** Determine ISA license | ./docs/GOVERNANCE_SELF_CHECK_2025-12-17.md | Immediate (Next 24 Hours) | 2. **User Decision Required:** Determine ISA license | traceable,OPEN,P2,,client,,,
TM-052,TRACEABILITY_MATRIX.csv,docs/spec/TRACEABILITY_MATRIX.csv:L515,515,evaluation-governance-reproducibility.md | EVA-021 | - Ensure procedures are comprehensive and current | ./docs/GOVERNANCE_SELF_CHECK_2025-12-17.md | Short-Term (Next 14 Days) | - Ensure procedures are comprehensive and current | traceable,OPEN,P2,,ops,,,
TM-053,TRACEABILITY_MATRIX.csv,docs/spec/TRACEABILITY_MATRIX.csv:L516,516,evaluation-governance-reproducibility.md | EVA-022 | - Validate security monitoring is working | ./docs/GOVERNANCE_SELF_CHECK_2025-12-17.md | Medium-Term (Next 30 Days) | - Validate security monitoring is working | traceable,OPEN,P0,,ops,,,
TM-054,TRACEABILITY_MATRIX.csv,docs/spec/TRACEABILITY_MATRIX.csv:L576,576,"evaluation-governance-reproducibility.md | EVA-082 | **NOTE:** Whether they are already located in the *correct repo paths* and wired into daily flow must be verified in the next step (see Section 4). | ./docs/evidence/ISA_IRON_DOCSET_AND_CRITICAL_PATH_DECISION_DRAFT_v0.md | C. Baseline discoverability artefacts (strongly recommended, low-cost) | **NOTE:** Whether they are already located in the *correct repo paths* and wired into daily flow mus | traceable",OPEN,P2,,ops,,,
TM-055,TRACEABILITY_MATRIX.csv,docs/spec/TRACEABILITY_MATRIX.csv:L605,605,observability-tracing-feedback.md | OBS-011 | - [ ] Implement cookie consent banner (if required by legal review) | ./docs/PRODUCTION_IMPROVEMENTS_JAN_2026.md | 8.1 Short-Term (Next 30 Days) | - [ ] Implement cookie consent banner (if required by legal review) | traceable,OPEN,P2,,client,,,
TM-056,TRACEABILITY_MATRIX.csv,docs/spec/TRACEABILITY_MATRIX.csv:L611,611,observability-tracing-feedback.md | OBS-017 | - [ ] Conduct load testing to validate scaling assumptions | ./docs/PRODUCTION_IMPROVEMENTS_JAN_2026.md | 8.2 Long-Term (Next 90 Days) | - [ ] Conduct load testing to validate scaling assumptions | traceable,OPEN,P2,,ops,,,
TM-057,TRACEABILITY_MATRIX.csv,docs/spec/TRACEABILITY_MATRIX.csv:L626,626,repo-change-control-release.md | REP-015 | 1. **User Action Required:** Configure branch protection on GitHub repository main branch | ./docs/GOVERNANCE_SELF_CHECK_2025-12-17.md | Immediate (Next 24 Hours) | 1. **User Action Required:** Configure branch protection on GitHub repository main branch | traceable,OPEN,P2,,client,,,
TM-058,TRACEABILITY_MATRIX.csv,docs/spec/TRACEABILITY_MATRIX.csv:L627,627,repo-change-control-release.md | REP-016 | 2. **User Decision Required:** Determine ISA license | ./docs/GOVERNANCE_SELF_CHECK_2025-12-17.md | Immediate (Next 24 Hours) | 2. **User Decision Required:** Determine ISA license | traceable,OPEN,P2,,client,,,
TM-059,TRACEABILITY_MATRIX.csv,docs/spec/TRACEABILITY_MATRIX.csv:L631,631,repo-change-control-release.md | REP-020 | - Ensure procedures are comprehensive and current | ./docs/GOVERNANCE_SELF_CHECK_2025-12-17.md | Short-Term (Next 14 Days) | - Ensure procedures are comprehensive and current | traceable,OPEN,P2,,spec,,,
TM-060,TRACEABILITY_MATRIX.csv,docs/spec/TRACEABILITY_MATRIX.csv:L632,632,repo-change-control-release.md | REP-021 | - Validate security monitoring is working | ./docs/GOVERNANCE_SELF_CHECK_2025-12-17.md | Medium-Term (Next 30 Days) | - Validate security monitoring is working | traceable,OPEN,P0,,spec,,,
TM-061,TRACEABILITY_MATRIX.csv,docs/spec/TRACEABILITY_MATRIX.csv:L878,878,"ux-user-journey.md | UX -067 | ISA cannot be delivered to GS1 NL members without Lane B transition approval. All external use is currently blocked by governance constraints. User decision required for transition, with 2-3 week time | ./ISA_STATUS_REPORT_2025-01-11.md | High Risk (Immediate Attention Required) | ISA cannot be delivered to GS1 NL members without Lane B transition approval. All external use is cu | traceable",OPEN,P1,,client,,,
TM-062,TRACEABILITY_MATRIX.csv,docs/spec/TRACEABILITY_MATRIX.csv:L922,922,roadmap-evolution.md | ROA-011 | - **Reason for deferral:** Blocked by Phase 0 (GS1 NL cooperation required for brand assets) | ./docs/ISA_FUTURE_DEVELOPMENT_PLAN.md | Deferred Features | - **Reason for deferral:** Blocked by Phase 0 (GS1 NL cooperation required for brand assets) | traceable,OPEN,P1,,client,,,
TM-063,TRACEABILITY_MATRIX.csv,docs/spec/TRACEABILITY_MATRIX.csv:L937,937,roadmap-evolution.md | ROA-026 | - [x] Fix boolean‚Üínumber in INGEST-02_gdsn_current.ts (required field) | ./todo.md | Ingestion Script Fixes | - [x] Fix boolean‚Üínumber in INGEST-02_gdsn_current.ts (required field) | traceable,OPEN,P2,,client,,,
TM-064,TRACEABILITY_MATRIX.csv,docs/spec/TRACEABILITY_MATRIX.csv:L938,938,roadmap-evolution.md | ROA-027 | - [x] Fix boolean‚Üínumber in INGEST-04_ctes_kdes.ts (mandatory and required fields) | ./todo.md | Ingestion Script Fixes | - [x] Fix boolean‚Üínumber in INGEST-04_ctes_kdes.ts (mandatory and required fields) | traceable,OPEN,P2,,client,,,
TM-065,TRACEABILITY_MATRIX.csv,docs/spec/TRACEABILITY_MATRIX.csv:L939,939,roadmap-evolution.md | ROA-028 | 2. **Column Naming Consistency:** Drizzle schema uses camelCase for TypeScript but snake_case for database columns - tests must use TypeScript property names | ./todo.md | Meta-Learnings | 2. **Column Naming Consistency:** Drizzle schema uses camelCase for TypeScript but snake_case for da | traceable,OPEN,P2,,spec,,,
TM-066,TRACEABILITY_MATRIX.csv,docs/spec/TRACEABILITY_MATRIX.csv:L940,940,roadmap-evolution.md | ROA-029 | - [x] Create server/test-helpers/db-test-utils.ts with 7 required functions: | ./todo.md | TASK 1 ‚Äî DB Test Helpers (PR #4 equivalent) | - [x] Create server/test-helpers/db-test-utils.ts with 7 required functions: | traceable,OPEN,P2,,client,,,
TM-067,TRACEABILITY_MATRIX.csv,docs/spec/TRACEABILITY_MATRIX.csv:L941,941,roadmap-evolution.md | ROA-030 | - [x] Seed helpers must work within transaction context | ./todo.md | TASK 1 ‚Äî DB Test Helpers (PR #4 equivalent) | - [x] Seed helpers must work within transaction context | traceable,OPEN,P2,,client,,,
TM-068,TRACEABILITY_MATRIX.csv,docs/spec/TRACEABILITY_MATRIX.csv:L942,942,roadmap-evolution.md | ROA-031 | **STATUS: ALREADY COMPLIANT** ‚úÖ No changes required. | ./todo.md | TASK 3 ‚Äî CI Scripts (PR #5 equivalent) ‚úÖ COMPLETE | **STATUS: ALREADY COMPLIANT** ‚úÖ No changes required. | traceable,OPEN,P2,,client,,,
TM-069,TRACEABILITY_MATRIX.csv,docs/spec/TRACEABILITY_MATRIX.csv:L943,943,roadmap-evolution.md | ROA-032 | - [x] Must not be default (verified) | ./todo.md | TASK 3 ‚Äî CI Scripts (PR #5 equivalent) ‚úÖ COMPLETE | - [x] Must not be default (verified) | traceable,OPEN,P2,,client,,,
TM-070,TRACEABILITY_MATRIX.csv,docs/spec/TRACEABILITY_MATRIX.csv:L944,944,roadmap-evolution.md | ROA-033 | - [x] Update docs/CI_TESTING.md ONLY if required (not required) | ./todo.md | TASK 3 ‚Äî CI Scripts (PR #5 equivalent) ‚úÖ COMPLETE | - [x] Update docs/CI_TESTING.md ONLY if required (not required) | traceable,OPEN,P2,,client,,,
TM-071,TRACEABILITY_MATRIX.csv,docs/spec/TRACEABILITY_MATRIX.csv:L945,945,roadmap-evolution.md | ROA-034 | - [x] Deliverable: No PR required - existing implementation already compliant with spec | ./todo.md | TASK 3 ‚Äî CI Scripts (PR #5 equivalent) ‚úÖ COMPLETE | - [x] Deliverable: No PR required - existing implementation already compliant with spec | traceable,OPEN,P2,,client,,,
TM-072,TRACEABILITY_MATRIX.csv,docs/spec/TRACEABILITY_MATRIX.csv:L946,946,roadmap-evolution.md | ROA-035 | - [x] Display delta analysis (5 required fields) on event detail page | ./todo.md | Step 4: Minimal UI | - [x] Display delta analysis (5 required fields) on event detail page | traceable,OPEN,P2,,client,,,
TM-073,TRACEABILITY_MATRIX.csv,docs/spec/TRACEABILITY_MATRIX.csv:L947,947,"roadmap-evolution.md | ROA-036 | **Future Enhancements (Optional, NOT required for ISA-GRADE):** | ./todo.md | üîí BASELINE FROZEN ‚Äî ISA News Hub v2 (25 January 2026) | **Future Enhancements (Optional, NOT required for ISA-GRADE):** | traceable",OPEN,P2,,client,,,
TM-074,TRACEABILITY_MATRIX.csv,docs/spec/TRACEABILITY_MATRIX.csv:L948,948,"roadmap-evolution.md | ROA-037 | - [ ] Test on desktop browsers (Chrome, Safari) - USER TESTING REQUIRED | ./todo.md | Desktop Dropdown Fix | - [ ] Test on desktop browsers (Chrome, Safari) - USER TESTING REQUIRED | traceable",OPEN,P2,,client,,,
TM-075,TRACEABILITY_MATRIX.csv,docs/spec/TRACEABILITY_MATRIX.csv:L969,969,roadmap-evolution.md | ROA-058 | - [ ] Validate gs1ImpactTags inference quality | ./todo.md | 5.4 Tests | - [ ] Validate gs1ImpactTags inference quality | traceable,OPEN,P2,,spec,,,
TM-076,TRACEABILITY_MATRIX.csv,docs/spec/TRACEABILITY_MATRIX.csv:L970,970,roadmap-evolution.md | ROA-059 | - [ ] Validate sectorTags inference quality | ./todo.md | 5.4 Tests | - [ ] Validate sectorTags inference quality | traceable,OPEN,P2,,spec,,,
TM-077,TRACEABILITY_MATRIX.csv,docs/spec/TRACEABILITY_MATRIX.csv:L971,971,roadmap-evolution.md | ROA-060 | - [ ] Verify query performance | ./todo.md | 6.4 Tests | - [ ] Verify query performance | traceable,OPEN,P2,,spec,,,
TM-078,TRACEABILITY_MATRIX.csv,docs/spec/TRACEABILITY_MATRIX.csv:L972,972,roadmap-evolution.md | ROA-061 | - [x] Verify UI rendering with real data | ./todo.md | 8.1 Coverage Analytics Dashboard ‚úÖ COMPLETE | - [x] Verify UI rendering with real data | traceable,OPEN,P2,,client,,,
TM-079,TRACEABILITY_MATRIX.csv,docs/spec/TRACEABILITY_MATRIX.csv:L973,973,"roadmap-evolution.md | ROA-062 | - [x] Verify production readiness and performance impact (TypeScript 0 errors, dev server running) | ./todo.md | 8.2 Pipeline Observability ‚úÖ COMPLETE | - [x] Verify production readiness and performance impact (TypeScript 0 errors, dev server running) | traceable",OPEN,P2,,ops,,,
TM-080,TRACEABILITY_MATRIX.csv,docs/spec/TRACEABILITY_MATRIX.csv:L974,974,roadmap-evolution.md | ROA-063 | - [ ] Verify all new sources ingesting | ./todo.md | 9.4 Final Validation | - [ ] Verify all new sources ingesting | traceable,OPEN,P2,,spec,,,
TM-081,TRACEABILITY_MATRIX.csv,docs/spec/TRACEABILITY_MATRIX.csv:L975,975,roadmap-evolution.md | ROA-064 | - [ ] Verify AI tagging quality | ./todo.md | 9.4 Final Validation | - [ ] Verify AI tagging quality | traceable,OPEN,P2,,spec,,,
TM-082,TRACEABILITY_MATRIX.csv,docs/spec/TRACEABILITY_MATRIX.csv:L976,976,roadmap-evolution.md | ROA-065 | - [ ] Verify UI rendering correctly | ./todo.md | 9.4 Final Validation | - [ ] Verify UI rendering correctly | traceable,OPEN,P2,,client,,,
TM-083,TRACEABILITY_MATRIX.csv,docs/spec/TRACEABILITY_MATRIX.csv:L977,977,roadmap-evolution.md | ROA-066 | - [ ] Verify coverage analytics working | ./todo.md | 9.4 Final Validation | - [ ] Verify coverage analytics working | traceable,OPEN,P2,,spec,,,
TM-084,TRACEABILITY_MATRIX.csv,docs/spec/TRACEABILITY_MATRIX.csv:L978,978,roadmap-evolution.md | ROA-067 | - [ ] Verify documentation accuracy | ./todo.md | 9.4 Final Validation | - [ ] Verify documentation accuracy | traceable,OPEN,P2,,spec,,,
TM-085,TRACEABILITY_MATRIX.csv,docs/spec/TRACEABILITY_MATRIX.csv:L979,979,roadmap-evolution.md | ROA-068 | - [ ] Validate existing `compute_advisory_diff.cjs` script | ./todo.md | Priority 3: Advisory Diff Tracking (Version Discipline) | - [ ] Validate existing `compute_advisory_diff.cjs` script | traceable,OPEN,P2,,ops,,,
TM-086,TRACEABILITY_MATRIX.csv,docs/spec/TRACEABILITY_MATRIX.csv:L980,980,roadmap-evolution.md | ROA-069 | - [x] Ensure GS1 Style Guide compliance | ./todo.md | Regulatory Change Log Public UI ‚úÖ | - [x] Ensure GS1 Style Guide compliance | traceable,OPEN,P2,,client,,,
TM-087,TRACEABILITY_MATRIX.csv,docs/spec/TRACEABILITY_MATRIX.csv:L981,981,roadmap-evolution.md | ROA-070 | - [x] Validate GS1 Style Guide compliance | ./todo.md | Testing & Quality ‚è≥ | - [x] Validate GS1 Style Guide compliance | traceable,OPEN,P2,,client,,,
TM-088,TRACEABILITY_MATRIX.csv,docs/spec/TRACEABILITY_MATRIX.csv:L982,982,roadmap-evolution.md | ROA-071 | - [x] Verify traceability (source URL + SHA256) | ./todo.md | Testing & Quality ‚è≥ | - [x] Verify traceability (source URL + SHA256) | traceable,OPEN,P2,,spec,,,
TM-089,TRACEABILITY_MATRIX.csv,docs/spec/TRACEABILITY_MATRIX.csv:L983,983,roadmap-evolution.md | ROA-072 | - [x] Verify GS1 Netherlands involvement (2 contributors) | ./todo.md | Phase 2.4: GS1 NL/Europe Documentation Discovery ‚úÖ | - [x] Verify GS1 Netherlands involvement (2 contributors) | traceable,OPEN,P2,,spec,,,
TM-090,TRACEABILITY_MATRIX.csv,docs/spec/TRACEABILITY_MATRIX.csv:L984,984,roadmap-evolution.md | ROA-073 | - [x] Verify TypeScript compilation (no errors) | ./todo.md | tRPC Router Integration ‚úÖ | - [x] Verify TypeScript compilation (no errors) | traceable,OPEN,P2,,spec,,,
TM-091,TRACEABILITY_MATRIX.csv,docs/spec/TRACEABILITY_MATRIX.csv:L985,985,roadmap-evolution.md | ROA-074 | - [x] Verify dev server health (running successfully) | ./todo.md | tRPC Router Integration ‚úÖ | - [x] Verify dev server health (running successfully) | traceable,OPEN,P2,,spec,,,
TM-092,TRACEABILITY_MATRIX.csv,docs/spec/TRACEABILITY_MATRIX.csv:L986,986,roadmap-evolution.md | ROA-075 | - [x] Verify correct retrieval of ESRS E5 ‚Üí GS1 Circular Economy Attributes mapping | ./todo.md | Phase 4.3: Test Ask ISA with GS1-ESRS mapping queries ‚úÖ | - [x] Verify correct retrieval of ESRS E5 ‚Üí GS1 Circular Economy Attributes mapping | traceable,OPEN,P2,,ops,,,
TM-093,TRACEABILITY_MATRIX.csv,docs/spec/TRACEABILITY_MATRIX.csv:L987,987,"roadmap-evolution.md | ROA-076 | - [x] Verify data integrity (15+ mappings, ESRS E1/E5 coverage) | ./todo.md | Phase 6: Production hardening with vitest tests ‚úÖ | - [x] Verify data integrity (15+ mappings, ESRS E1/E5 coverage) | traceable",OPEN,P2,,spec,,,
TM-094,TRACEABILITY_MATRIX.csv,docs/spec/TRACEABILITY_MATRIX.csv:L988,988,"roadmap-evolution.md | ROA-077 | - [x] Verify data accuracy (13 mappings, 62.5% coverage, 3 gaps) | ./todo.md | Phase 7: Frontend Integration (Autonomous Development - Dec 16, 2025) ‚úÖ COMPLETE | - [x] Verify data accuracy (13 mappings, 62.5% coverage, 3 gaps) | traceable",OPEN,P2,,client,,,
TM-095,TRACEABILITY_MATRIX.csv,docs/spec/TRACEABILITY_MATRIX.csv:L989,989,roadmap-evolution.md | ROA-078 | - [x] Verify ESRS Datapoints tab loads without errors | ./todo.md | Schema Fix | - [x] Verify ESRS Datapoints tab loads without errors | traceable,OPEN,P2,,spec,,,
TM-096,TRACEABILITY_MATRIX.csv,docs/spec/TRACEABILITY_MATRIX.csv:L990,990,roadmap-evolution.md | ROA-079 | - [x] Verify navigation and routing - Working | ./todo.md | Phase 3: Core Feature Testing | - [x] Verify navigation and routing - Working | traceable,OPEN,P2,,spec,,,
TM-097,TRACEABILITY_MATRIX.csv,docs/spec/TRACEABILITY_MATRIX.csv:L991,991,roadmap-evolution.md | ROA-080 | - [ ] Ensure machine-readable outputs remain developer-optimized | ./todo.md | Phase 6: GS1 Style Compliance | - [ ] Ensure machine-readable outputs remain developer-optimized | traceable,OPEN,P2,,spec,,,
TM-098,TRACEABILITY_MATRIX.csv,docs/spec/TRACEABILITY_MATRIX.csv:L992,992,roadmap-evolution.md | ROA-081 | - [ ] Validate advisory report formatting | ./todo.md | Phase 6: GS1 Style Compliance | - [ ] Validate advisory report formatting | traceable,OPEN,P2,,spec,,,
TM-099,TRACEABILITY_MATRIX.csv,docs/spec/TRACEABILITY_MATRIX.csv:L993,993,roadmap-evolution.md | ROA-082 | - [x] Run eval suite and verify all tests pass (11/11 passed) | ./todo.md | Phase 5: Evaluation & Testing | - [x] Run eval suite and verify all tests pass (11/11 passed) | traceable,OPEN,P2,,client,,,
TM-100,TRACEABILITY_MATRIX.csv,docs/spec/TRACEABILITY_MATRIX.csv:L994,994,roadmap-evolution.md | ROA-083 | - [x] Verify URL includes all filter parameters | ./todo.md | Copy Link Feature ‚úÖ COMPLETE (2025-12-17) | - [x] Verify URL includes all filter parameters | traceable,OPEN,P2,,spec,,,
TM-101,TRACEABILITY_MATRIX.csv,docs/spec/TRACEABILITY_MATRIX.csv:L995,995,roadmap-evolution.md | ROA-084 | - [x] Verify cross-restart persistence | ./todo.md | Database Persistence for Health Monitoring ‚úÖ COMPLETE (2025-12-17) | - [x] Verify cross-restart persistence | traceable,OPEN,P2,,spec,,,
TM-102,TRACEABILITY_MATRIX.csv,docs/spec/TRACEABILITY_MATRIX.csv:L996,996,roadmap-evolution.md | ROA-085 | - [x] Verify email alert integration (already implemented) | ./todo.md | Health Monitoring Enhancements ‚úÖ COMPLETE | - [x] Verify email alert integration (already implemented) | traceable,OPEN,P2,,spec,,,
TM-103,TRACEABILITY_MATRIX.csv,docs/spec/TRACEABILITY_MATRIX.csv:L997,997,roadmap-evolution.md | ROA-086 | - [x] Test scraper execution and verify success | ./todo.md | EUR-Lex Press Releases Scraper Fix ‚úÖ COMPLETE | - [x] Test scraper execution and verify success | traceable,OPEN,P2,,spec,,,
TM-104,TRACEABILITY_MATRIX.csv,docs/spec/TRACEABILITY_MATRIX.csv:L998,998,roadmap-evolution.md | ROA-087 | - [x] Verify health monitoring shows 100% success rate | ./todo.md | EUR-Lex Press Releases Scraper Fix ‚úÖ COMPLETE | - [x] Verify health monitoring shows 100% success rate | traceable,OPEN,P2,,spec,,,
TM-105,TRACEABILITY_MATRIX.csv,docs/spec/TRACEABILITY_MATRIX.csv:L999,999,roadmap-evolution.md | ROA-088 | - [x] Verify responsive design and dark mode compatibility | ./todo.md | Scraper Health Trend Visualization ‚úÖ COMPLETE | - [x] Verify responsive design and dark mode compatibility | traceable,OPEN,P2,,spec,,,
TM-106,TRACEABILITY_MATRIX.csv,docs/spec/TRACEABILITY_MATRIX.csv:L1000,1000,"roadmap-evolution.md | ROA-089 | - [x] Validate permissions (issue, branch, PR creation) | ./todo.md | Repository Setup | - [x] Validate permissions (issue, branch, PR creation) | traceable",OPEN,P2,,spec,,,
TM-107,TRACEABILITY_MATRIX.csv,docs/spec/TRACEABILITY_MATRIX.csv:L1001,1001,roadmap-evolution.md | ROA-090 | - [ ] Validate CI pipeline execution on real code | ./todo.md | Next Steps (Ongoing) | - [ ] Validate CI pipeline execution on real code | traceable,OPEN,P2,,ops,,,
TM-108,TRACEABILITY_MATRIX.csv,docs/spec/TRACEABILITY_MATRIX.csv:L1002,1002,roadmap-evolution.md | ROA-091 | - [ ] Ensure no GitHub sync/push operations | ./todo.md | Lane C Governance Enforcement | - [ ] Ensure no GitHub sync/push operations | traceable,OPEN,P2,,spec,,,
TM-109,TRACEABILITY_MATRIX.csv,docs/spec/TRACEABILITY_MATRIX.csv:L1003,1003,roadmap-evolution.md | ROA-092 | - [ ] Ensure no new integrations without approval | ./todo.md | Lane C Governance Enforcement | - [ ] Ensure no new integrations without approval | traceable,OPEN,P2,,spec,,,
TM-110,TRACEABILITY_MATRIX.csv,docs/spec/TRACEABILITY_MATRIX.csv:L1004,1004,roadmap-evolution.md | ROA-093 | - [ ] Ensure no privilege changes | ./todo.md | Lane C Governance Enforcement | - [ ] Ensure no privilege changes | traceable,OPEN,P2,,spec,,,
TM-111,TRACEABILITY_MATRIX.csv,docs/spec/TRACEABILITY_MATRIX.csv:L1005,1005,roadmap-evolution.md | ROA-094 | - [ ] Ensure no irreversible operations | ./todo.md | Lane C Governance Enforcement | - [ ] Ensure no irreversible operations | traceable,OPEN,P2,,spec,,,
TM-112,TRACEABILITY_MATRIX.csv,docs/spec/TRACEABILITY_MATRIX.csv:L1006,1006,roadmap-evolution.md | ROA-095 | - [x] Verify Lane C governance on created reports | ./todo.md | Test Coverage | - [x] Verify Lane C governance on created reports | traceable,OPEN,P2,,spec,,,
TM-113,TRACEABILITY_MATRIX.csv,docs/spec/TRACEABILITY_MATRIX.csv:L1007,1007,roadmap-evolution.md | ROA-096 | - [x] Verify generatedBy field set to admin user | ./todo.md | Test Coverage | - [x] Verify generatedBy field set to admin user | traceable,OPEN,P2,,spec,,,
TM-114,TRACEABILITY_MATRIX.csv,docs/spec/TRACEABILITY_MATRIX.csv:L1008,1008,"roadmap-evolution.md | ROA-097 | - ESRS Datapoints: 5 (needs fix - should be 1,184) | ./todo.md | Dashboard Features Delivered | - ESRS Datapoints: 5 (needs fix - should be 1,184) | traceable",OPEN,P2,,spec,,,
TM-115,TRACEABILITY_MATRIX.csv,docs/spec/TRACEABILITY_MATRIX.csv:L1009,1009,roadmap-evolution.md | ROA-098 | - [x] Verify deterministic behavior (no interpretation/reasoning) | ./todo.md | Priority 3: Standards Discovery UI ‚úÖ COMPLETE | - [x] Verify deterministic behavior (no interpretation/reasoning) | traceable,OPEN,P2,,client,,,
TM-116,TRACEABILITY_MATRIX.csv,docs/spec/TRACEABILITY_MATRIX.csv:L1010,1010,roadmap-evolution.md | ROA-099 | - [x] Validate dev server running successfully | ./todo.md | TypeScript Error Fixes ‚úÖ COMPLETE (Production-Critical) | - [x] Validate dev server running successfully | traceable,OPEN,P2,,spec,,,
TM-117,TRACEABILITY_MATRIX.csv,docs/spec/TRACEABILITY_MATRIX.csv:L1011,1011,roadmap-evolution.md | ROA-100 | - [x] Verify GitHub Actions workflow exists | ./todo.md | 4.1 CI/CD Pipeline | - [x] Verify GitHub Actions workflow exists | traceable,OPEN,P2,,ops,,,
